step,objective,predicted_quality,predicted_energy,quality_shortfall,energy_excess,max_rate_violation,max_bound_violation,max_support_violation,max_command_move,move_u1_feed_rate,move_u2_water_rate,move_u3_reagent_rate,move_u4_speed,move_u5_temperature_setpoint
0,-1.7082993984222412,88.45523071289062,70.71470642089844,0.0,0.0,0.0,0.0,0.0,0.019507303833961487,-2.9802322387695312e-08,0.019507303833961487,0.0,0.0,0.0
1,-1.7132909297943115,88.46162414550781,70.71305084228516,0.0,0.0,0.0,0.0,0.0,0.018592804670333862,-0.001499563455581665,0.018592804670333862,0.0014995336532592773,0.001499563455581665,0.0014995485544204712
2,-1.7182265520095825,88.46797943115234,70.71141052246094,0.0,0.0,0.0,0.0,0.0,0.01768028736114502,-0.0029955804347991943,0.01768028736114502,0.002996087074279785,0.002995818853378296,0.0029961317777633667
3,-1.7230956554412842,88.47428894042969,70.70978546142578,0.0,0.0,0.0,0.0,0.0,0.016771703958511353,-0.004484683275222778,0.016771703958511353,0.004486739635467529,0.004485607147216797,0.004486784338951111
4,-1.7278904914855957,88.48055267333984,70.70817565917969,0.0,0.0,0.0,0.0,0.0,0.015869006514549255,-0.00596347451210022,0.015869006514549255,0.0059683918952941895,0.005965769290924072,0.005968526005744934
5,-1.7326005697250366,88.48674011230469,70.70658874511719,0.0,0.0,0.0,0.0,0.0,0.01497410237789154,-0.007428616285324097,0.01497410237789154,0.007438063621520996,0.007433056831359863,0.007438346743583679
6,-1.737218976020813,88.49285125732422,70.70502471923828,0.0,0.0,0.0,0.0,0.0,0.014088928699493408,-0.008876770734786987,0.014088928699493408,0.008892834186553955,0.008884310722351074,0.008893340826034546
7,-1.7417351007461548,88.49886322021484,70.70349884033203,0.0,0.0,0.0,0.0,0.0,0.013215363025665283,-0.010304629802703857,0.013215363025665283,0.010329782962799072,0.01031649112701416,0.010330572724342346
8,-1.746144413948059,88.50477600097656,70.70199584960938,0.0,0.0,0.0,0.0,0.0,0.012355200946331024,-0.011709123849868774,0.012355200946331024,0.011746108531951904,0.011726617813110352,0.011747226119041443
9,-1.75043785572052,88.51057434082031,70.70052337646484,0.0,0.0,0.0,0.0,0.0,0.013140633702278137,-0.013087272644042969,0.01151016354560852,0.013139009475708008,0.01311182975769043,0.013140633702278137
10,-1.7546125650405884,88.51625061035156,70.6990966796875,0.0,0.0,0.0,0.0,0.0,0.0145082026720047,-0.01443636417388916,0.010681867599487305,0.014506042003631592,0.014469534158706665,0.0145082026720047
11,-1.7586599588394165,88.52178955078125,70.69770050048828,0.0,0.0,0.0,0.0,0.0,0.015847578644752502,-0.015753835439682007,0.009871788322925568,0.015844762325286865,0.01579725742340088,0.015847578644752502
12,-1.7625796794891357,88.52719116210938,70.69635009765625,0.0,0.0,0.0,0.0,0.0,0.017156541347503662,-0.017037421464920044,0.009081274271011353,0.017153024673461914,0.017092794179916382,0.017156541347503662
13,-1.766364574432373,88.5324478149414,70.6950454711914,0.0,0.0,0.0,0.0,0.0,0.018433138728141785,-0.01828518509864807,0.008311547338962555,0.0184287428855896,0.018354177474975586,0.018433138728141785
14,-1.7700144052505493,88.53753662109375,70.69377899169922,0.0,0.0,0.0,0.0,0.0,0.019675567746162415,-0.01949542760848999,0.007563628256320953,0.01967024803161621,0.019579708576202393,0.019675567746162415
15,-1.7735275030136108,88.54247283935547,70.69255828857422,0.0,0.0,0.0,0.0,0.0,0.02088238298892975,-0.02066674828529358,0.006838396191596985,0.020876049995422363,0.020767927169799805,0.02088238298892975
16,-1.7769020795822144,88.54724884033203,70.69137573242188,0.0,0.0,0.0,0.0,0.0,0.02205224335193634,-0.02179807424545288,0.006136566400527954,0.022044777870178223,0.02191770076751709,0.02205224335193634
17,-1.7801381349563599,88.55184936523438,70.69024658203125,0.0,0.0,0.0,0.0,0.0,0.023184195160865784,-0.02288869023323059,0.005458660423755646,0.023175537586212158,0.023028165102005005,0.023184195160865784
18,-1.7832372188568115,88.55628967285156,70.68916320800781,0.0,0.0,0.0,0.0,0.0,0.02427743375301361,-0.02393805980682373,0.004805073142051697,0.02426755428314209,0.024098694324493408,0.02427743375301361
19,-1.7862000465393066,88.56055450439453,70.68812561035156,0.0,0.0,0.0,0.0,0.0,0.02533145248889923,-0.02494603395462036,0.004175998270511627,0.025320231914520264,0.025128960609436035,0.02533145248889923
20,-1.7890297174453735,88.56465148925781,70.68712615966797,0.0,0.0,0.0,0.0,0.0,0.02634592354297638,-0.02591267228126526,0.0035715252161026,0.026333332061767578,0.026118874549865723,0.02634592354297638
21,-1.7917271852493286,88.5685806274414,70.6861801147461,0.0,0.0,0.0,0.0,0.0,0.027320846915245056,-0.0268382728099823,0.0029915496706962585,0.027306854724884033,0.027068614959716797,0.027320846915245056
22,-1.7942957878112793,88.57234191894531,70.68527221679688,0.0,0.0,0.0,0.0,0.0,0.028256312012672424,-0.027723342180252075,0.0024358853697776794,0.02824091911315918,0.02797842025756836,0.028256312012672424
23,-1.7967400550842285,88.57593536376953,70.68440246582031,0.0,0.0,0.0,0.0,0.0,0.029152706265449524,-0.028568625450134277,0.0019041970372200012,0.02913588285446167,0.02884894609451294,0.029152706265449524
24,-1.7990621328353882,88.5793685913086,70.68357849121094,0.0,0.0,0.0,0.0,0.0,0.030010536313056946,-0.029375016689300537,0.0013960674405097961,0.029992282390594482,0.02968081831932068,0.030010536313056946
25,-1.8012670278549194,88.5826416015625,70.68280029296875,0.0,0.0,0.0,0.0,0.0,0.03083045780658722,-0.03014349937438965,0.0009109750390052795,0.030810773372650146,0.030474960803985596,0.03083045780658722
26,-1.8033591508865356,88.58576965332031,70.68205261230469,0.0,0.0,0.0,0.0,0.0,0.03161327540874481,-0.03087523579597473,0.0004483237862586975,0.03159219026565552,0.031232327222824097,0.03161327540874481
27,-1.805342435836792,88.58873748779297,70.68135070800781,0.0,0.0,0.0,0.0,0.0,0.03235997259616852,-0.03157144784927368,7.458031177520752e-06,0.032337486743927,0.03195399045944214,0.03235997259616852
28,-1.8072209358215332,88.59156799316406,70.68067932128906,0.0,0.0,0.0,0.0,0.0,0.033071503043174744,-0.03223344683647156,-0.00041232258081436157,0.03304773569107056,0.03264111280441284,0.033071503043174744
29,-1.8090007305145264,88.5942611694336,70.68004608154297,0.0,0.0,0.0,0.0,0.0,0.03374899923801422,-0.03286260366439819,-0.0008117780089378357,0.03372395038604736,0.03329497575759888,0.03374899923801422
30,-1.8106850385665894,88.59681701660156,70.679443359375,0.0,0.0,0.0,0.0,0.0,0.034393683075904846,-0.03346022963523865,-0.0011916682124137878,0.034367382526397705,0.03391680121421814,0.034393683075904846
31,-1.8122791051864624,88.5992431640625,70.67887115478516,0.0,0.0,0.0,0.0,0.0,0.03500671684741974,-0.03402778506278992,-0.0015527978539466858,0.03497922420501709,0.03450790047645569,0.03500671684741974
32,-1.8137872219085693,88.60154724121094,70.67832946777344,0.0,0.0,0.0,0.0,0.0,0.03558938205242157,-0.034566640853881836,-0.0018959641456604004,0.0355607271194458,0.03506961464881897,0.03558938205242157
33,-1.8152133226394653,88.60372924804688,70.67781829833984,0.0,0.0,0.0,0.0,0.0,0.036142900586128235,-0.03507816791534424,-0.0022219642996788025,0.03611326217651367,0.03560325503349304,0.036142900586128235
34,-1.816562294960022,88.60580444335938,70.67733001708984,0.0,0.0,0.0,0.0,0.0,0.03666861355304718,-0.03556373715400696,-0.002531610429286957,0.03663790225982666,0.036110132932662964,0.03666861355304718
35,-1.8178374767303467,88.60777282714844,70.67687225341797,0.0,0.0,0.0,0.0,0.0,0.037167713046073914,-0.03602471947669983,-0.0028256848454475403,0.037136077880859375,0.036591529846191406,0.037167713046073914
36,-1.8190443515777588,88.6096420288086,70.67642974853516,0.0,0.0,0.0,0.0,0.0,0.037641480565071106,-0.036462366580963135,-0.00310496985912323,0.037608981132507324,0.03704872727394104,0.037641480565071106
37,-1.8201860189437866,88.61141204833984,70.67601776123047,0.0,0.0,0.0,0.0,0.0,0.03809119760990143,-0.036877959966659546,-0.0033702030777931213,0.038057923316955566,0.03748297691345215,0.03809119760990143
38,-1.821265459060669,88.61309051513672,70.67562866210938,0.0,0.0,0.0,0.0,0.0,0.038518026471138,-0.03727266192436218,-0.0036221295595169067,0.03848397731781006,0.03789544105529785,0.038518026471138
39,-1.822287917137146,88.61468505859375,70.67525482177734,0.0,0.0,0.0,0.0,0.0,0.03892312943935394,-0.03764769434928894,-0.003861449658870697,0.03888845443725586,0.03828728199005127,0.03892312943935394
40,-1.8232550621032715,88.61619567871094,70.6749038696289,0.0,0.0,0.0,0.0,0.0,0.039307668805122375,-0.038004159927368164,-0.004088848829269409,0.03927236795425415,0.038659632205963135,0.039307668805122375
41,-1.8241710662841797,88.61763000488281,70.67456817626953,0.0,0.0,0.0,0.0,0.0,0.039672717452049255,-0.038343071937561035,-0.0043049827218055725,0.039636850357055664,0.039013564586639404,0.039672717452049255
42,-1.8250391483306885,88.61898803710938,70.67425537109375,0.0,0.0,0.0,0.0,0.0,0.04001934826374054,-0.03866547346115112,-0.004510462284088135,0.03998297452926636,0.03935009241104126,0.04001934826374054
43,-1.8258614540100098,88.62028503417969,70.6739501953125,0.0,0.0,0.0,0.0,0.0,0.04034857451915741,-0.038972288370132446,-0.004705898463726044,0.04031175374984741,0.03967016935348511,0.04034857451915741
44,-1.8266406059265137,88.62151336669922,70.67366790771484,0.0,0.0,0.0,0.0,0.0,0.04066134989261627,-0.03926447033882141,-0.004891842603683472,0.040624141693115234,0.039974749088287354,0.04066134989261627
45,-1.8273802995681763,88.62267303466797,70.67339324951172,0.0,0.0,0.0,0.0,0.0,0.040958598256111145,-0.03954285383224487,-0.005068846046924591,0.04092109203338623,0.04026469588279724,0.040958598256111145
46,-1.8280813694000244,88.62378692626953,70.67313385009766,0.0,0.0,0.0,0.0,0.0,0.04124118387699127,-0.0398082435131073,-0.005237407982349396,0.04120337963104248,0.040540844202041626,0.04124118387699127
47,-1.8287484645843506,88.62483978271484,70.67288970947266,0.0,0.0,0.0,0.0,0.0,0.04150994122028351,-0.040061384439468384,-0.005398020148277283,0.041471898555755615,0.040803998708724976,0.04150994122028351
48,-1.8293811082839966,88.62583923339844,70.67265319824219,0.0,0.0,0.0,0.0,0.0,0.041765645146369934,-0.04030302166938782,-0.005551129579544067,0.041727423667907715,0.041054874658584595,0.041765645146369934
49,-1.8299834728240967,88.62680053710938,70.67243194580078,0.0,0.0,0.0,0.0,0.0,0.04200907051563263,-0.04053381085395813,-0.005697168409824371,0.04197072982788086,0.041294217109680176,0.04200907051563263
50,-1.8305554389953613,88.6277084350586,70.6722183227539,0.0,0.0,0.0,0.0,0.0,0.0422409325838089,-0.04075437784194946,-0.005836546421051025,0.0422024130821228,0.04152262210845947,0.0422409325838089
51,-1.8311007022857666,88.62857055664062,70.6720199584961,0.0,0.0,0.0,0.0,0.0,0.042461857199668884,-0.04096534848213196,-0.005969643592834473,0.042423248291015625,0.0417407751083374,0.042461857199668884
52,-1.8316189050674438,88.62939453125,70.67182159423828,0.0,0.0,0.0,0.0,0.0,0.04267247021198273,-0.041167259216308594,-0.0060968101024627686,0.04263383150100708,0.04194924235343933,0.04267247021198273
53,-1.8321136236190796,88.63018798828125,70.67163848876953,0.0,0.0,0.0,0.0,0.0,0.04287339746952057,-0.04136061668395996,-0.0062183961272239685,0.04283475875854492,0.04214856028556824,0.04287339746952057
54,-1.832585334777832,88.63093566894531,70.67146301269531,0.0,0.0,0.0,0.0,0.0,0.04306517541408539,-0.04154592752456665,-0.006334707140922546,0.04302656650543213,0.0423392653465271,0.04306517541408539
55,-1.8330355882644653,88.63166046142578,70.6712875366211,0.0,0.0,0.0,0.0,0.0,0.043248310685157776,-0.041723668575286865,-0.006446056067943573,0.043209731578826904,0.04252183437347412,0.043248310685157776
56,-1.8334652185440063,88.6323471069336,70.67112731933594,0.0,0.0,0.0,0.0,0.0,0.04342330992221832,-0.04189425706863403,-0.006552703678607941,0.04338479042053223,0.042696744203567505,0.04342330992221832
57,-1.8338757753372192,88.63300323486328,70.67097473144531,0.0,0.0,0.0,0.0,0.0,0.043590620160102844,-0.04205805063247681,-0.006654925644397736,0.04355216026306152,0.04286438226699829,0.043590620160102844
58,-1.8342691659927368,88.63362884521484,70.67082214355469,0.0,0.0,0.0,0.0,0.0,0.04375071823596954,-0.042215496301651,-0.006752960383892059,0.04371237754821777,0.043025195598602295,0.04375071823596954
59,-1.8346447944641113,88.63423156738281,70.67068481445312,0.0,0.0,0.0,0.0,0.0,0.043903931975364685,-0.04236692190170288,-0.0068470388650894165,0.043865740299224854,0.04317954182624817,0.043903931975364685
60,-1.835004210472107,88.63481140136719,70.67054748535156,0.0,0.0,0.0,0.0,0.0,0.044050708413124084,-0.04251262545585632,-0.006937384605407715,0.04401266574859619,0.04332774877548218,0.044050708413124084
61,-1.8353482484817505,88.63536071777344,70.67041015625,0.0,0.0,0.0,0.0,0.0,0.044191375374794006,-0.04265296459197998,-0.007024198770523071,0.044153451919555664,0.043470174074172974,0.044191375374794006
62,-1.8356791734695435,88.63589477539062,70.6702880859375,0.0,0.0,0.0,0.0,0.0,0.04432632029056549,-0.04278820753097534,-0.007107667624950409,0.044288575649261475,0.04360714554786682,0.04432632029056549
63,-1.8359956741333008,88.63639831542969,70.670166015625,0.0,0.0,0.0,0.0,0.0,0.04445578157901764,-0.042918622493743896,-0.007187962532043457,0.04441821575164795,0.04373893141746521,0.04445578157901764
64,-1.8363009691238403,88.63689422607422,70.67005157470703,0.0,0.0,0.0,0.0,0.0,0.04458005726337433,-0.043044477701187134,-0.007265269756317139,0.044542670249938965,0.04386579990386963,0.04458005726337433
65,-1.8365927934646606,88.63735961914062,70.66993713378906,0.0,0.0,0.0,0.0,0.0,0.04469950497150421,-0.04316598176956177,-0.007339730858802795,0.04466235637664795,0.04398801922798157,0.04469950497150421
66,-1.83687424659729,88.63780975341797,70.6698226928711,0.0,0.0,0.0,0.0,0.0,0.044814303517341614,-0.0432833731174469,-0.007411502301692963,0.04477739334106445,0.04410582780838013,0.044814303517341614
67,-1.8371444940567017,88.63824462890625,70.66972351074219,0.0,0.0,0.0,0.0,0.0,0.04492475092411041,-0.04339686036109924,-0.007480718195438385,0.04488801956176758,0.04421946406364441,0.04492475092411041
68,-1.8374042510986328,88.63866424560547,70.66962432861328,0.0,0.0,0.0,0.0,0.0,0.045031026005744934,-0.04350665211677551,-0.00754750519990921,0.0449945330619812,0.04432910680770874,0.045031026005744934
69,-1.8376543521881104,88.63906860351562,70.66952514648438,0.0,0.0,0.0,0.0,0.0,0.04513339698314667,-0.043612927198410034,-0.007611989974975586,0.045097172260284424,0.04443502426147461,0.04513339698314667
70,-1.8378963470458984,88.63945770263672,70.66942596435547,0.0,0.0,0.0,0.0,0.0,0.04523201286792755,-0.043715834617614746,-0.007674284279346466,0.0451960563659668,0.04453730583190918,0.04523201286792755
71,-1.838128924369812,88.63983154296875,70.6693344116211,0.0,0.0,0.0,0.0,0.0,0.045327141880989075,-0.043815553188323975,-0.0077344998717308044,0.045291364192962646,0.04463618993759155,0.045327141880989075
72,-1.8383535146713257,88.64019775390625,70.66925048828125,0.0,0.0,0.0,0.0,0.0,0.0454188734292984,-0.043912261724472046,-0.007792733609676361,0.04538339376449585,0.04473182559013367,0.0454188734292984
73,-1.838570475578308,88.64054107666016,70.6691665649414,0.0,0.0,0.0,0.0,0.0,0.045507386326789856,-0.04400604963302612,-0.007849082350730896,0.04547220468521118,0.04482439160346985,0.045507386326789856
74,-1.8387795686721802,88.64088439941406,70.66908264160156,0.0,0.0,0.0,0.0,0.0,0.04559291899204254,-0.04409709572792053,-0.007903628051280975,0.04555797576904297,0.04491400718688965,0.04559291899204254
75,-1.8389816284179688,88.64120483398438,70.66899871826172,0.0,0.0,0.0,0.0,0.0,0.04567553102970123,-0.044185519218444824,-0.007956467568874359,0.04564082622528076,0.04500079154968262,0.04567553102970123
76,-1.8391780853271484,88.64152526855469,70.6689224243164,0.0,0.0,0.0,0.0,0.0,0.045755401253700256,-0.04427140951156616,-0.008007675409317017,0.04572099447250366,0.04508492350578308,0.045755401253700256
77,-1.8393665552139282,88.64183044433594,70.6688461303711,0.0,0.0,0.0,0.0,0.0,0.04583264887332916,-0.0443548858165741,-0.00805731862783432,0.04579848051071167,0.0451664924621582,0.04583264887332916
78,-1.8395497798919678,88.64212036132812,70.66877746582031,0.0,0.0,0.0,0.0,0.0,0.0459073930978775,-0.044436097145080566,-0.008105479180812836,0.04587352275848389,0.04524564743041992,0.0459073930978775
79,-1.8397270441055298,88.64241027832031,70.668701171875,0.0,0.0,0.0,0.0,0.0,0.045979782938957214,-0.04451507329940796,-0.008152216672897339,0.04594618082046509,0.045322418212890625,0.045979782938957214
80,-1.8398985862731934,88.64268493652344,70.66863250732422,0.0,0.0,0.0,0.0,0.0,0.046049878001213074,-0.0445919930934906,-0.008197590708732605,0.046016573905944824,0.045397013425827026,0.046049878001213074
81,-1.8400654792785645,88.64295959472656,70.66857147216797,0.0,0.0,0.0,0.0,0.0,0.04611782729625702,-0.04466685652732849,-0.008241668343544006,0.04608476161956787,0.045469462871551514,0.04611782729625702
82,-1.8402272462844849,88.64321899414062,70.66850280761719,0.0,0.0,0.0,0.0,0.0,0.046183690428733826,-0.04473981261253357,-0.008284494280815125,0.046150922775268555,0.04553985595703125,0.046183690428733826
83,-1.8403838872909546,88.64347076416016,70.66844177246094,0.0,0.0,0.0,0.0,0.0,0.04624755680561066,-0.04481089115142822,-0.008326135575771332,0.046215057373046875,0.0456082820892334,0.04624755680561066
84,-1.8405362367630005,88.64371490478516,70.66838073730469,0.0,0.0,0.0,0.0,0.0,0.04630957543849945,-0.044880211353302,-0.008366629481315613,0.04627734422683716,0.04567486047744751,0.04630957543849945
85,-1.8406834602355957,88.64395904541016,70.66831970214844,0.0,0.0,0.0,0.0,0.0,0.046369776129722595,-0.044947803020477295,-0.008406028151512146,0.046337783336639404,0.04573962092399597,0.046369776129722595
86,-1.8408269882202148,88.6441879272461,70.66825866699219,0.0,0.0,0.0,0.0,0.0,0.046428218483924866,-0.045013755559921265,-0.008444376289844513,0.04639655351638794,0.045802682638168335,0.046428218483924866
87,-1.8409658670425415,88.6444091796875,70.66820526123047,0.0,0.0,0.0,0.0,0.0,0.04648502171039581,-0.045078128576278687,-0.008481711149215698,0.04645359516143799,0.04586407542228699,0.04648502171039581
88,-1.8411016464233398,88.6446304321289,70.66815185546875,0.0,0.0,0.0,0.0,0.0,0.046540215611457825,-0.045140981674194336,-0.008518077433109283,0.04650908708572388,0.04592388868331909,0.046540215611457825
89,-1.8412336111068726,88.64484405517578,70.66809844970703,0.0,0.0,0.0,0.0,0.0,0.04659391939640045,-0.04520237445831299,-0.008553512394428253,0.046563029289245605,0.045982152223587036,0.04659391939640045
90,-1.84136164188385,88.64505004882812,70.66804504394531,0.0,0.0,0.0,0.0,0.0,0.046646133065223694,-0.04526236653327942,-0.008588053286075592,0.046615540981292725,0.04603895545005798,0.046646133065223694
91,-1.8414865732192993,88.64525604248047,70.6679916381836,0.0,0.0,0.0,0.0,0.0,0.046696946024894714,-0.045320987701416016,-0.008621729910373688,0.046666622161865234,0.04609432816505432,0.046696946024894714
92,-1.8416080474853516,88.64544677734375,70.66793823242188,0.0,0.0,0.0,0.0,0.0,0.04674641788005829,-0.045378297567367554,-0.008654579520225525,0.04671633243560791,0.04614835977554321,0.04674641788005829
93,-1.841726303100586,88.64564514160156,70.66789245605469,0.0,0.0,0.0,0.0,0.0,0.046794578433036804,-0.04543432593345642,-0.008686624467372894,0.0467647910118103,0.046201080083847046,0.046794578433036804
94,-1.8418421745300293,88.64582824707031,70.6678466796875,0.0,0.0,0.0,0.0,0.0,0.046841517090797424,-0.04548916220664978,-0.00871790200471878,0.04681193828582764,0.04625251889228821,0.046841517090797424
95,-1.841954231262207,88.64601135253906,70.66780090332031,0.0,0.0,0.0,0.0,0.0,0.04688723385334015,-0.04554280638694763,-0.008748441934585571,0.04685795307159424,0.04630276560783386,0.04688723385334015
96,-1.8420639038085938,88.64618682861328,70.66775512695312,0.0,0.0,0.0,0.0,0.0,0.04693181812763214,-0.04559531807899475,-0.00877825915813446,0.04690277576446533,0.04635182023048401,0.04693181812763214
97,-1.842171311378479,88.6463623046875,70.66770935058594,0.0,0.0,0.0,0.0,0.0,0.0469752699136734,-0.04564669728279114,-0.008807390928268433,0.04694646596908569,0.04639974236488342,0.0469752699136734
98,-1.8422755002975464,88.64653015136719,70.66766357421875,0.0,0.0,0.0,0.0,0.0,0.047017648816108704,-0.045697033405303955,-0.008835852146148682,0.04698914289474487,0.04644656181335449,0.047017648816108704
99,-1.8423774242401123,88.64669799804688,70.6676254272461,0.0,0.0,0.0,0.0,0.0,0.047059014439582825,-0.0457463264465332,-0.008863672614097595,0.047030746936798096,0.04649233818054199,0.047059014439582825
100,-1.8424766063690186,88.64685821533203,70.6675796508789,0.0,0.0,0.0,0.0,0.0,0.04709939658641815,-0.04579463601112366,-0.008890867233276367,0.04707133769989014,0.04653710126876831,0.04709939658641815
101,-1.842574119567871,88.64701080322266,70.66754150390625,0.0,0.0,0.0,0.0,0.0,0.047138795256614685,-0.04584196209907532,-0.008917458355426788,0.04711103439331055,0.04658085107803345,0.047138795256614685
102,-1.842668056488037,88.64716339111328,70.6675033569336,0.0,0.0,0.0,0.0,0.0,0.0471772700548172,-0.04588836431503296,-0.00894346833229065,0.047149717807769775,0.04662364721298218,0.0471772700548172
103,-1.842760682106018,88.6473159790039,70.66746520996094,0.0,0.0,0.0,0.0,0.0,0.04721488058567047,-0.04593384265899658,-0.008968919515609741,0.04718756675720215,0.04666554927825928,0.04721488058567047
104,-1.8428512811660767,88.6474609375,70.66742706298828,0.0,0.0,0.0,0.0,0.0,0.04725159704685211,-0.04597845673561096,-0.008993826806545258,0.04722452163696289,0.04670652747154236,0.04725159704685211
105,-1.842939853668213,88.6476058959961,70.66738891601562,0.0,0.0,0.0,0.0,0.0,0.0472874790430069,-0.0460222065448761,-0.009018197655677795,0.04726064205169678,0.046746641397476196,0.0472874790430069
106,-1.8430265188217163,88.64774322509766,70.66735076904297,0.0,0.0,0.0,0.0,0.0,0.0473225861787796,-0.04606512188911438,-0.00904206931591034,0.047295987606048584,0.04678592085838318,0.0473225861787796
107,-1.8431113958358765,88.64788055419922,70.66731262207031,0.0,0.0,0.0,0.0,0.0,0.04735688865184784,-0.04610723257064819,-0.009065434336662292,0.047330498695373535,0.04682439565658569,0.04735688865184784
108,-1.843193769454956,88.64801788330078,70.66728210449219,0.0,0.0,0.0,0.0,0.0,0.047390416264534,-0.04614853858947754,-0.00908832997083664,0.04736429452896118,0.04686206579208374,0.047390416264534
109,-1.8432750701904297,88.64814758300781,70.66724395751953,0.0,0.0,0.0,0.0,0.0,0.04742325842380524,-0.04618909955024719,-0.00911075621843338,0.04739731550216675,0.046898990869522095,0.04742325842380524
110,-1.8433549404144287,88.64827728271484,70.6672134399414,0.0,0.0,0.0,0.0,0.0,0.04745538532733917,-0.04622894525527954,-0.009132727980613708,0.047429680824279785,0.04693517088890076,0.04745538532733917
111,-1.8434314727783203,88.64839935302734,70.66718292236328,0.0,0.0,0.0,0.0,0.0,0.0474867969751358,-0.0462680459022522,-0.009154260158538818,0.04746133089065552,0.046970635652542114,0.0474867969751358
112,-1.843508243560791,88.64852142333984,70.66714477539062,0.0,0.0,0.0,0.0,0.0,0.047517552971839905,-0.04630643129348755,-0.009175367653369904,0.04749232530593872,0.04700538516044617,0.047517552971839905
113,-1.8435819149017334,88.64864349365234,70.6671142578125,0.0,0.0,0.0,0.0,0.0,0.04754771292209625,-0.04634416103363037,-0.009196065366268158,0.047522664070129395,0.0470394492149353,0.04754771292209625
114,-1.843654751777649,88.64876556396484,70.66708374023438,0.0,0.0,0.0,0.0,0.0,0.04757721722126007,-0.046381205320358276,-0.009216360747814178,0.04755234718322754,0.0470728874206543,0.04757721722126007
115,-1.8437261581420898,88.64888000488281,70.66705322265625,0.0,0.0,0.0,0.0,0.0,0.047606125473976135,-0.04641762375831604,-0.009236268699169159,0.047581493854522705,0.04710566997528076,0.047606125473976135
116,-1.843795895576477,88.64899444580078,70.66702270507812,0.0,0.0,0.0,0.0,0.0,0.047634437680244446,-0.04645341634750366,-0.009255796670913696,0.04761004447937012,0.0471377968788147,0.047634437680244446
117,-1.843865156173706,88.64910125732422,70.6669921875,0.0,0.0,0.0,0.0,0.0,0.047662153840065,-0.04648858308792114,-0.009274952113628387,0.047637939453125,0.04716935753822327,0.047662153840065
118,-1.843932032585144,88.64920806884766,70.66696166992188,0.0,0.0,0.0,0.0,0.0,0.04768936336040497,-0.04652315378189087,-0.009293757379055023,0.04766535758972168,0.04720032215118408,0.04768936336040497
119,-1.8439984321594238,88.6493148803711,70.66693878173828,0.0,0.0,0.0,0.0,0.0,0.04771600663661957,-0.04655712842941284,-0.009312205016613007,0.04769223928451538,0.04723072052001953,0.04771600663661957
120,-1.84406316280365,88.64942169189453,70.66690826416016,0.0,0.0,0.0,0.0,0.0,0.04774214327335358,-0.046590566635131836,-0.009330317378044128,0.04771852493286133,0.047260552644729614,0.04774214327335358
121,-1.8441267013549805,88.64952850341797,70.66688537597656,0.0,0.0,0.0,0.0,0.0,0.047767773270606995,-0.046623438596725464,-0.009348101913928986,0.04774439334869385,0.04728984832763672,0.047767773270606995
122,-1.8441884517669678,88.64962768554688,70.66685485839844,0.0,0.0,0.0,0.0,0.0,0.04779292643070221,-0.04665577411651611,-0.009365566074848175,0.04776972532272339,0.047318607568740845,0.04779292643070221
123,-1.8442493677139282,88.64972686767578,70.66682434082031,0.0,0.0,0.0,0.0,0.0,0.047817572951316833,-0.046687573194503784,-0.009382709860801697,0.04779458045959473,0.04734686017036438,0.047817572951316833
124,-1.84430992603302,88.64982604980469,70.66680145263672,0.0,0.0,0.0,0.0,0.0,0.04784177243709564,-0.04671883583068848,-0.009399555623531342,0.04781895875930786,0.047374606132507324,0.04784177243709564
125,-1.8443683385849,88.64991760253906,70.66677856445312,0.0,0.0,0.0,0.0,0.0,0.047865524888038635,-0.046749621629714966,-0.00941610336303711,0.04784286022186279,0.04740184545516968,0.047865524888038635
126,-1.8444260358810425,88.65000915527344,70.666748046875,0.0,0.0,0.0,0.0,0.0,0.047888800501823425,-0.04677993059158325,-0.009432360529899597,0.0478663444519043,0.047428637742996216,0.047888800501823425
127,-1.844482660293579,88.65010070800781,70.6667251586914,0.0,0.0,0.0,0.0,0.0,0.047911688685417175,-0.04680973291397095,-0.009448334574699402,0.04788941144943237,0.04745495319366455,0.047911688685417175
128,-1.8445384502410889,88.65019226074219,70.66670227050781,0.0,0.0,0.0,0.0,0.0,0.04793412983417511,-0.04683908820152283,-0.00946403294801712,0.04791206121444702,0.04748082160949707,0.04793412983417511
129,-1.8445930480957031,88.65028381347656,70.66667938232422,0.0,0.0,0.0,0.0,0.0,0.047956183552742004,-0.04686799645423889,-0.00947946310043335,0.04793429374694824,0.04750627279281616,0.047956183552742004
130,-1.8446464538574219,88.6503677368164,70.66665649414062,0.0,0.0,0.0,0.0,0.0,0.04797782003879547,-0.04689642786979675,-0.009494632482528687,0.047956109046936035,0.04753124713897705,0.04797782003879547
131,-1.8446996212005615,88.65045166015625,70.66663360595703,0.0,0.0,0.0,0.0,0.0,0.047999098896980286,-0.046924442052841187,-0.009509548544883728,0.047977566719055176,0.0475558340549469,0.047999098896980286
132,-1.844751238822937,88.6505355834961,70.66661071777344,0.0,0.0,0.0,0.0,0.0,0.04802002012729645,-0.04695203900337219,-0.009524218738079071,0.04799860715866089,0.04758000373840332,0.04802002012729645
133,-1.8448020219802856,88.65061950683594,70.66658782958984,0.0,0.0,0.0,0.0,0.0,0.04804052412509918,-0.04697918891906738,-0.009538635611534119,0.04801928997039795,0.0476037859916687,0.04804052412509918
134,-1.844852328300476,88.65070343017578,70.66656494140625,0.0,0.0,0.0,0.0,0.0,0.04806070029735565,-0.04700595140457153,-0.009552821516990662,0.04803967475891113,0.047627151012420654,0.04806070029735565
135,-1.8449015617370605,88.6507797241211,70.66654205322266,0.0,0.0,0.0,0.0,0.0,0.04808051884174347,-0.047032296657562256,-0.0095667764544487,0.04805964231491089,0.047650158405303955,0.04808051884174347
136,-1.844949722290039,88.6508560180664,70.66651916503906,0.0,0.0,0.0,0.0,0.0,0.04810000956058502,-0.047058284282684326,-0.009580500423908234,0.04807931184768677,0.047672778367996216,0.04810000956058502
137,-1.844997525215149,88.65093994140625,70.66650390625,0.0,0.0,0.0,0.0,0.0,0.04811914265155792,-0.04708385467529297,-0.009594008326530457,0.048098623752593994,0.047695040702819824,0.04811914265155792
138,-1.845044493675232,88.65100860595703,70.6664810180664,0.0,0.0,0.0,0.0,0.0,0.048137977719306946,-0.04710906744003296,-0.009607300162315369,0.04811757802963257,0.04771694540977478,0.048137977719306946
139,-1.8450901508331299,88.65108489990234,70.66645812988281,0.0,0.0,0.0,0.0,0.0,0.048156484961509705,-0.0471339225769043,-0.00962037593126297,0.04813629388809204,0.047738492488861084,0.048156484961509705
140,-1.84513521194458,88.65116119384766,70.66644287109375,0.0,0.0,0.0,0.0,0.0,0.048174694180488586,-0.04715842008590698,-0.009633250534534454,0.04815465211868286,0.04775971174240112,0.048174694180488586
141,-1.8451796770095825,88.65122985839844,70.66641998291016,0.0,0.0,0.0,0.0,0.0,0.04819260537624359,-0.04718253016471863,-0.009645923972129822,0.048172712326049805,0.047780632972717285,0.04819260537624359
142,-1.8452234268188477,88.65129852294922,70.6664047241211,0.0,0.0,0.0,0.0,0.0,0.04821021854877472,-0.047206342220306396,-0.009658396244049072,0.04819047451019287,0.047801196575164795,0.04821021854877472
143,-1.8452668190002441,88.65137481689453,70.6663818359375,0.0,0.0,0.0,0.0,0.0,0.04822756350040436,-0.04722979664802551,-0.009670674800872803,0.04820793867111206,0.04782143235206604,0.04822756350040436
144,-1.8453092575073242,88.65144348144531,70.66636657714844,0.0,0.0,0.0,0.0,0.0,0.04824461042881012,-0.047252923250198364,-0.00968276709318161,0.04822516441345215,0.04784137010574341,0.04824461042881012
145,-1.845350742340088,88.6515121459961,70.66634368896484,0.0,0.0,0.0,0.0,0.0,0.048261359333992004,-0.04727572202682495,-0.009694673120975494,0.048242032527923584,0.0478610098361969,0.048261359333992004
146,-1.8453916311264038,88.65157318115234,70.66632843017578,0.0,0.0,0.0,0.0,0.0,0.04827786982059479,-0.04729822278022766,-0.009706400334835052,0.04825872182846069,0.047880351543426514,0.04827786982059479
147,-1.8454318046569824,88.65164184570312,70.66630554199219,0.0,0.0,0.0,0.0,0.0,0.04829411208629608,-0.047320395708084106,-0.009717948734760284,0.048275113105773926,0.04789939522743225,0.04829411208629608
148,-1.8454716205596924,88.65170288085938,70.66629028320312,0.0,0.0,0.0,0.0,0.0,0.048310115933418274,-0.047342270612716675,-0.009729325771331787,0.04829120635986328,0.04791814088821411,0.048310115933418274
149,-1.845510721206665,88.65176391601562,70.66627502441406,0.0,0.0,0.0,0.0,0.0,0.04832585155963898,-0.047363847494125366,-0.009740538895130157,0.04830712080001831,0.04793661832809448,0.04832585155963898
150,-1.8455493450164795,88.6518325805664,70.666259765625,0.0,0.0,0.0,0.0,0.0,0.04834134876728058,-0.04738512635231018,-0.009751580655574799,0.04832273721694946,0.04795485734939575,0.04834134876728058
151,-1.8455874919891357,88.65189361572266,70.6662368774414,0.0,0.0,0.0,0.0,0.0,0.04835660755634308,-0.04740610718727112,-0.009762458503246307,0.048338115215301514,0.047972798347473145,0.04835660755634308
152,-1.8456249237060547,88.6519546508789,70.66622161865234,0.0,0.0,0.0,0.0,0.0,0.04837162792682648,-0.047426819801330566,-0.00977317988872528,0.04835331439971924,0.04799047112464905,0.04837162792682648
153,-1.8456615209579468,88.65200805664062,70.66620635986328,0.0,0.0,0.0,0.0,0.0,0.048386409878730774,-0.047447264194488525,-0.009783752262592316,0.048368215560913086,0.04800790548324585,0.048386409878730774
154,-1.8456982374191284,88.65206909179688,70.66619110107422,0.0,0.0,0.0,0.0,0.0,0.04840098321437836,-0.047467440366744995,-0.009794160723686218,0.04838293790817261,0.04802507162094116,0.04840098321437836
155,-1.8457337617874146,88.65213012695312,70.66617584228516,0.0,0.0,0.0,0.0,0.0,0.048415347933769226,-0.04748731851577759,-0.00980442762374878,0.04839742183685303,0.04804199934005737,0.048415347933769226
156,-1.8457688093185425,88.65218353271484,70.6661605834961,0.0,0.0,0.0,0.0,0.0,0.048429474234580994,-0.04750698804855347,-0.009814545512199402,0.04841172695159912,0.04805871844291687,0.048429474234580994
157,-1.8458036184310913,88.6522445678711,70.66614532470703,0.0,0.0,0.0,0.0,0.0,0.04844339191913605,-0.04752635955810547,-0.009824521839618683,0.04842573404312134,0.04807516932487488,0.04844339191913605
158,-1.8458378314971924,88.65229797363281,70.66613006591797,0.0,0.0,0.0,0.0,0.0,0.048457130789756775,-0.04754549264907837,-0.009834356606006622,0.048439621925354004,0.04809141159057617,0.048457130789756775
159,-1.8458709716796875,88.65235137939453,70.6661148071289,0.0,0.0,0.0,0.0,0.0,0.04847066104412079,-0.04756438732147217,-0.009844057261943817,0.04845327138900757,0.04810738563537598,0.04847066104412079
160,-1.845903992652893,88.65240478515625,70.66609954833984,0.0,0.0,0.0,0.0,0.0,0.04848398268222809,-0.047583043575286865,-0.00985361635684967,0.04846668243408203,0.048123180866241455,0.04848398268222809
161,-1.8459372520446777,88.65245819091797,70.66608428955078,0.0,0.0,0.0,0.0,0.0,0.048497095704078674,-0.04760143160820007,-0.009863048791885376,0.04847997426986694,0.04813873767852783,0.048497095704078674
162,-1.8459689617156982,88.65251159667969,70.66606903076172,0.0,0.0,0.0,0.0,0.0,0.04851005971431732,-0.04761961102485657,-0.009872347116470337,0.048493027687072754,0.048154085874557495,0.04851005971431732
163,-1.8460006713867188,88.65255737304688,70.66605377197266,0.0,0.0,0.0,0.0,0.0,0.04852284491062164,-0.04763758182525635,-0.009881526231765747,0.04850590229034424,0.048169225454330444,0.04852284491062164
164,-1.846032738685608,88.6526107788086,70.6660385131836,0.0,0.0,0.0,0.0,0.0,0.04853542149066925,-0.04765528440475464,-0.009890571236610413,0.048518598079681396,0.04818415641784668,0.04853542149066925
165,-1.8460636138916016,88.65266418457031,70.66602325439453,0.0,0.0,0.0,0.0,0.0,0.04854781925678253,-0.047672808170318604,-0.009899497032165527,0.04853111505508423,0.0481988787651062,0.04854781925678253
166,-1.8460938930511475,88.6527099609375,70.666015625,0.0,0.0,0.0,0.0,0.0,0.04856003820896149,-0.04769009351730347,-0.009908303618431091,0.048543453216552734,0.048213422298431396,0.04856003820896149
167,-1.8461240530014038,88.65275573730469,70.66600036621094,0.0,0.0,0.0,0.0,0.0,0.048572078347206116,-0.047707170248031616,-0.009916998445987701,0.04855567216873169,0.04822775721549988,0.048572078347206116
168,-1.8461534976959229,88.6528091430664,70.66598510742188,0.0,0.0,0.0,0.0,0.0,0.048583999276161194,-0.047724008560180664,-0.009925566613674164,0.04856765270233154,0.04824191331863403,0.048583999276161194
169,-1.846182942390442,88.6528549194336,70.66596984863281,0.0,0.0,0.0,0.0,0.0,0.04859571158885956,-0.047740668058395386,-0.00993403047323227,0.048579514026641846,0.048255860805511475,0.04859571158885956
170,-1.8462117910385132,88.65290069580078,70.66596221923828,0.0,0.0,0.0,0.0,0.0,0.048607274889945984,-0.04775714874267578,-0.009942382574081421,0.04859119653701782,0.04826965928077698,0.048607274889945984
171,-1.8462401628494263,88.65294647216797,70.66594696044922,0.0,0.0,0.0,0.0,0.0,0.04861868917942047,-0.047773391008377075,-0.009950622916221619,0.04860270023345947,0.04828324913978577,0.04861868917942047
172,-1.8462681770324707,88.65299224853516,70.66593170166016,0.0,0.0,0.0,0.0,0.0,0.04862995445728302,-0.04778945446014404,-0.009958751499652863,0.04861408472061157,0.04829668998718262,0.04862995445728302
173,-1.8462960720062256,88.65303802490234,70.6659164428711,0.0,0.0,0.0,0.0,0.0,0.04864104092121124,-0.047805339097976685,-0.009966783225536346,0.048625290393829346,0.048309922218322754,0.04864104092121124
174,-1.8463239669799805,88.65308380126953,70.66590881347656,0.0,0.0,0.0,0.0,0.0,0.048652008175849915,-0.04782101511955261,-0.009974703192710876,0.04863631725311279,0.04832303524017334,0.048652008175849915
175,-1.8463503122329712,88.65312957763672,70.6658935546875,0.0,0.0,0.0,0.0,0.0,0.04866279661655426,-0.047836512327194214,-0.009982526302337646,0.04864722490310669,0.048335909843444824,0.04866279661655426
176,-1.846376657485962,88.65316772460938,70.66588592529297,0.0,0.0,0.0,0.0,0.0,0.048673465847969055,-0.04785183072090149,-0.009990252554416656,0.048658013343811035,0.04834866523742676,0.048673465847969055
177,-1.8464032411575317,88.65321350097656,70.6658706665039,0.0,0.0,0.0,0.0,0.0,0.04868398606777191,-0.04786697030067444,-0.00999787449836731,0.048668622970581055,0.04836127161979675,0.04868398606777191
178,-1.846429467201233,88.65325164794922,70.66586303710938,0.0,0.0,0.0,0.0,0.0,0.04869438707828522,-0.04788193106651306,-0.0100054070353508,0.04867911338806152,0.04837369918823242,0.04869438707828522
179,-1.8464547395706177,88.6532974243164,70.66584777832031,0.0,0.0,0.0,0.0,0.0,0.048704639077186584,-0.04789671301841736,-0.01001284271478653,0.04868948459625244,0.04838597774505615,0.048704639077186584
180,-1.846480131149292,88.65333557128906,70.66583251953125,0.0,0.0,0.0,0.0,0.0,0.04871474206447601,-0.04791131615638733,-0.0100201815366745,0.04869973659515381,0.048398107290267944,0.04871474206447601
181,-1.846505045890808,88.65337371826172,70.66582489013672,0.0,0.0,0.0,0.0,0.0,0.04872472584247589,-0.04792577028274536,-0.010027430951595306,0.04870980978012085,0.0484100878238678,0.04872472584247589
182,-1.8465301990509033,88.6534194946289,70.66581726074219,0.0,0.0,0.0,0.0,0.0,0.04873459041118622,-0.04794004559516907,-0.010034598410129547,0.04871976375579834,0.04842191934585571,0.04873459041118622
183,-1.8465542793273926,88.65345764160156,70.66580200195312,0.0,0.0,0.0,0.0,0.0,0.048744335770606995,-0.047954171895980835,-0.010041669011116028,0.04872959852218628,0.04843360185623169,0.048744335770606995
184,-1.8465780019760132,88.65349578857422,70.6657943725586,0.0,0.0,0.0,0.0,0.0,0.04875393211841583,-0.047968149185180664,-0.010048657655715942,0.04873931407928467,0.04844513535499573,0.04875393211841583
185,-1.8466018438339233,88.65353393554688,70.66577911376953,0.0,0.0,0.0,0.0,0.0,0.04876340925693512,-0.04798194766044617,-0.010055556893348694,0.04874885082244873,0.048456549644470215,0.04876340925693512
186,-1.8466249704360962,88.65357208251953,70.665771484375,0.0,0.0,0.0,0.0,0.0,0.048772796988487244,-0.04799559712409973,-0.010062381625175476,0.04875832796096802,0.048467785120010376,0.048772796988487244
187,-1.846648097038269,88.65361022949219,70.66575622558594,0.0,0.0,0.0,0.0,0.0,0.04878203570842743,-0.04800909757614136,-0.010069116950035095,0.048767685890197754,0.048478931188583374,0.04878203570842743
188,-1.8466711044311523,88.65364837646484,70.6657485961914,0.0,0.0,0.0,0.0,0.0,0.04879118502140045,-0.04802241921424866,-0.010075770318508148,0.04877692461013794,0.048489928245544434,0.04879118502140045
189,-1.8466938734054565,88.65367889404297,70.66574096679688,0.0,0.0,0.0,0.0,0.0,0.04880021512508392,-0.048035621643066406,-0.010082349181175232,0.048786044120788574,0.048500776290893555,0.04880021512508392
190,-1.8467158079147339,88.65371704101562,70.66572570800781,0.0,0.0,0.0,0.0,0.0,0.048809126019477844,-0.04804867506027222,-0.01008884608745575,0.04879504442214966,0.048511505126953125,0.048809126019477844
191,-1.8467381000518799,88.65375518798828,70.66571807861328,0.0,0.0,0.0,0.0,0.0,0.0488179475069046,-0.04806160926818848,-0.010095268487930298,0.04880392551422119,0.048522114753723145,0.0488179475069046
192,-1.8467594385147095,88.6537857055664,70.66571044921875,0.0,0.0,0.0,0.0,0.0,0.04882661998271942,-0.04807436466217041,-0.010101616382598877,0.04881274700164795,0.04853260517120361,0.04882661998271942
193,-1.8467808961868286,88.65382385253906,70.66569519042969,0.0,0.0,0.0,0.0,0.0,0.048835232853889465,-0.04808700084686279,-0.010107889771461487,0.04882138967514038,0.04854297637939453,0.048835232853889465
194,-1.8468021154403687,88.65385437011719,70.66568756103516,0.0,0.0,0.0,0.0,0.0,0.04884369671344757,-0.04809948801994324,-0.010114088654518127,0.04882997274398804,0.0485532283782959,0.04884369671344757
195,-1.8468232154846191,88.65389251708984,70.66567993164062,0.0,0.0,0.0,0.0,0.0,0.0488521009683609,-0.04811185598373413,-0.010120213031768799,0.04883843660354614,0.048563361167907715,0.0488521009683609
196,-1.84684419631958,88.65392303466797,70.6656723022461,0.0,0.0,0.0,0.0,0.0,0.04886038601398468,-0.048124074935913086,-0.010126270353794098,0.04884684085845947,0.04857334494590759,0.04886038601398468
197,-1.8468644618988037,88.65396118164062,70.66565704345703,0.0,0.0,0.0,0.0,0.0,0.04886855185031891,-0.04813617467880249,-0.010132260620594025,0.04885506629943848,0.04858323931694031,0.04886855185031891
198,-1.846884846687317,88.65399169921875,70.6656494140625,0.0,0.0,0.0,0.0,0.0,0.04887665808200836,-0.048148155212402344,-0.010138176381587982,0.04886329174041748,0.04859304428100586,0.04887665808200836
199,-1.8469045162200928,88.65402221679688,70.66564178466797,0.0,0.0,0.0,0.0,0.0,0.048884645104408264,-0.04815998673439026,-0.010144032537937164,0.04887133836746216,0.04860270023345947,0.048884645104408264
200,-1.8469246625900269,88.654052734375,70.66563415527344,0.0,0.0,0.0,0.0,0.0,0.04889257252216339,-0.04817169904708862,-0.010149814188480377,0.04887932538986206,0.048612236976623535,0.04889257252216339
201,-1.8469446897506714,88.65409088134766,70.66561889648438,0.0,0.0,0.0,0.0,0.0,0.04890038073062897,-0.048183321952819824,-0.010155536234378815,0.04888725280761719,0.04862171411514282,0.04890038073062897
202,-1.8469637632369995,88.65412139892578,70.66561126708984,0.0,0.0,0.0,0.0,0.0,0.04890806972980499,-0.04819479584693909,-0.01016119122505188,0.04889500141143799,0.04863107204437256,0.04890806972980499
203,-1.8469833135604858,88.6541519165039,70.66560363769531,0.0,0.0,0.0,0.0,0.0,0.04891569912433624,-0.0482061505317688,-0.01016678661108017,0.04890275001525879,0.048640310764312744,0.04891569912433624
204,-1.8470016717910767,88.65418243408203,70.66559600830078,0.0,0.0,0.0,0.0,0.0,0.04892326891422272,-0.04821738600730896,-0.010172314941883087,0.048910319805145264,0.04864943027496338,0.04892326891422272
205,-1.847020149230957,88.65421295166016,70.66558837890625,0.0,0.0,0.0,0.0,0.0,0.04893071949481964,-0.04822850227355957,-0.010177791118621826,0.04891788959503174,0.04865849018096924,0.04893071949481964
206,-1.8470385074615479,88.65423583984375,70.66558074951172,0.0,0.0,0.0,0.0,0.0,0.04893811047077179,-0.04823949933052063,-0.010183200240135193,0.04892534017562866,0.04866743087768555,0.04893811047077179
207,-1.8470571041107178,88.65426635742188,70.66557312011719,0.0,0.0,0.0,0.0,0.0,0.04894538223743439,-0.048250406980514526,-0.010188549757003784,0.048932671546936035,0.048676252365112305,0.04894538223743439
208,-1.8470749855041504,88.654296875,70.66556549072266,0.0,0.0,0.0,0.0,0.0,0.04895259439945221,-0.04826119542121887,-0.0101938396692276,0.04893994331359863,0.04868501424789429,0.04895259439945221
209,-1.847092628479004,88.65432739257812,70.6655502319336,0.0,0.0,0.0,0.0,0.0,0.04895971715450287,-0.04827186465263367,-0.010199077427387238,0.048947155475616455,0.04869365692138672,0.04895971715450287
210,-1.8471105098724365,88.65435791015625,70.66554260253906,0.0,0.0,0.0,0.0,0.0,0.048966750502586365,-0.0482824444770813,-0.010204248130321503,0.0489543080329895,0.048702239990234375,0.048966750502586365
211,-1.8471280336380005,88.65438079833984,70.66553497314453,0.0,0.0,0.0,0.0,0.0,0.048973724246025085,-0.04829290509223938,-0.010209374129772186,0.048961341381073,0.04871070384979248,0.048973724246025085
212,-1.847145438194275,88.65441131591797,70.66552734375,0.0,0.0,0.0,0.0,0.0,0.04898060858249664,-0.04830324649810791,-0.010214440524578094,0.04896831512451172,0.04871907830238342,0.04898060858249664
213,-1.847161889076233,88.6544418334961,70.66551971435547,0.0,0.0,0.0,0.0,0.0,0.04898740351200104,-0.048313528299331665,-0.010219454765319824,0.04897516965866089,0.0487273633480072,0.04898740351200104
214,-1.8471790552139282,88.65446472167969,70.66551208496094,0.0,0.0,0.0,0.0,0.0,0.048994168639183044,-0.04832366108894348,-0.010224409401416779,0.04898202419281006,0.04873555898666382,0.048994168639183044
215,-1.8471953868865967,88.65449523925781,70.6655044555664,0.0,0.0,0.0,0.0,0.0,0.0490008145570755,-0.04833373427391052,-0.010229319334030151,0.0489886999130249,0.04874366521835327,0.0490008145570755
216,-1.8472126722335815,88.6545181274414,70.66549682617188,0.0,0.0,0.0,0.0,0.0,0.04900743067264557,-0.04834368824958801,-0.010234177112579346,0.048995375633239746,0.04875171184539795,0.04900743067264557
217,-1.8472288846969604,88.65454864501953,70.66548919677734,0.0,0.0,0.0,0.0,0.0,0.049013927578926086,-0.04835352301597595,-0.010238982737064362,0.049001991748809814,0.048759639263153076,0.049013927578926086
218,-1.8472449779510498,88.65457153320312,70.66548156738281,0.0,0.0,0.0,0.0,0.0,0.049020394682884216,-0.048363298177719116,-0.010243736207485199,0.04900848865509033,0.04876750707626343,0.049020394682884216
219,-1.8472609519958496,88.65460205078125,70.66547393798828,0.0,0.0,0.0,0.0,0.0,0.04902677237987518,-0.04837295413017273,-0.010248437523841858,0.04901498556137085,0.048775285482406616,0.04902677237987518
220,-1.8472765684127808,88.65462493896484,70.66546630859375,0.0,0.0,0.0,0.0,0.0,0.049033090472221375,-0.04838252067565918,-0.010253094136714935,0.049021363258361816,0.04878300428390503,0.049033090472221375
221,-1.8472929000854492,88.65464782714844,70.66545867919922,0.0,0.0,0.0,0.0,0.0,0.0490393191576004,-0.04839199781417847,-0.010257706046104431,0.04902768135070801,0.04879060387611389,0.0490393191576004
222,-1.8473082780838013,88.65467834472656,70.66545104980469,0.0,0.0,0.0,0.0,0.0,0.04904551804065704,-0.04840138554573059,-0.010262265801429749,0.04903388023376465,0.04879814386367798,0.04904551804065704
223,-1.8473231792449951,88.65470123291016,70.66544342041016,0.0,0.0,0.0,0.0,0.0,0.04905162751674652,-0.04841068387031555,-0.010266773402690887,0.04904007911682129,0.04880562424659729,0.04905162751674652
224,-1.847338318824768,88.65472412109375,70.66543579101562,0.0,0.0,0.0,0.0,0.0,0.04905767738819122,-0.04841989278793335,-0.010271243751049042,0.049046218395233154,0.04881301522254944,0.04905767738819122
225,-1.8473531007766724,88.65474700927734,70.66543579101562,0.0,0.0,0.0,0.0,0.0,0.04906366765499115,-0.04842904210090637,-0.010275669395923615,0.04905223846435547,0.048820316791534424,0.04906366765499115
226,-1.847368597984314,88.65476989746094,70.6654281616211,0.0,0.0,0.0,0.0,0.0,0.0490695983171463,-0.048438072204589844,-0.010280042886734009,0.04905825853347778,0.048827558755874634,0.0490695983171463
227,-1.8473827838897705,88.65480041503906,70.66542053222656,0.0,0.0,0.0,0.0,0.0,0.04907543957233429,-0.04844701290130615,-0.010284379124641418,0.04906415939331055,0.04883474111557007,0.04907543957233429
228,-1.8473972082138062,88.65481567382812,70.66541290283203,0.0,0.0,0.0,0.0,0.0,0.04908125102519989,-0.048455893993377686,-0.010288670659065247,0.04907006025314331,0.04884183406829834,0.04908125102519989
229,-1.8474111557006836,88.65484619140625,70.6654052734375,0.0,0.0,0.0,0.0,0.0,0.049087002873420715,-0.048464685678482056,-0.010292917490005493,0.04907584190368652,0.048848867416381836,0.049087002873420715
230,-1.8474265336990356,88.65486907958984,70.66539764404297,0.0,0.0,0.0,0.0,0.0,0.049092695116996765,-0.04847338795661926,-0.010297119617462158,0.04908156394958496,0.04885581135749817,0.049092695116996765
231,-1.8474407196044922,88.65489196777344,70.66539001464844,0.0,0.0,0.0,0.0,0.0,0.04909832775592804,-0.04848200082778931,-0.010301284492015839,0.0490872859954834,0.04886269569396973,0.04909832775592804
232,-1.8474538326263428,88.65491485595703,70.6653823852539,0.0,0.0,0.0,0.0,0.0,0.04910387098789215,-0.048490554094314575,-0.010305404663085938,0.049092888832092285,0.04886952042579651,0.04910387098789215
233,-1.8474681377410889,88.65493774414062,70.66537475585938,0.0,0.0,0.0,0.0,0.0,0.04910941421985626,-0.04849901795387268,-0.010309487581253052,0.04909849166870117,0.048876285552978516,0.04910941421985626
234,-1.847481608390808,88.65495300292969,70.66537475585938,0.0,0.0,0.0,0.0,0.0,0.04911483824253082,-0.04850739240646362,-0.010313525795936584,0.04910397529602051,0.04888296127319336,0.04911483824253082
235,-1.8474957942962646,88.65497589111328,70.66536712646484,0.0,0.0,0.0,0.0,0.0,0.04912026226520538,-0.04851570725440979,-0.01031753420829773,0.049109458923339844,0.04888957738876343,0.04912026226520538
236,-1.8475087881088257,88.65499877929688,70.66535949707031,0.0,0.0,0.0,0.0,0.0,0.04912562668323517,-0.048523932695388794,-0.010321497917175293,0.049114882946014404,0.04889613389968872,0.04912562668323517
237,-1.8475221395492554,88.65502166748047,70.66535186767578,0.0,0.0,0.0,0.0,0.0,0.04913090169429779,-0.04853209853172302,-0.010325416922569275,0.04912024736404419,0.04890263080596924,0.04913090169429779
238,-1.8475353717803955,88.65504455566406,70.66534423828125,0.0,0.0,0.0,0.0,0.0,0.049136146903038025,-0.04854017496109009,-0.01032930612564087,0.049125492572784424,0.04890906810760498,0.049136146903038025
239,-1.8475486040115356,88.65506744384766,70.66533660888672,0.0,0.0,0.0,0.0,0.0,0.04914136230945587,-0.04854819178581238,-0.010333158075809479,0.049130797386169434,0.04891544580459595,0.04914136230945587
240,-1.8475614786148071,88.65508270263672,70.66533660888672,0.0,0.0,0.0,0.0,0.0,0.049146488308906555,-0.04855614900588989,-0.010336972773075104,0.04913598299026489,0.04892176389694214,0.049146488308906555
241,-1.8475738763809204,88.65510559082031,70.66532897949219,0.0,0.0,0.0,0.0,0.0,0.04915155470371246,-0.048564016819000244,-0.010340750217437744,0.049141108989715576,0.048928022384643555,0.04915155470371246
242,-1.8475865125656128,88.6551284790039,70.66532135009766,0.0,0.0,0.0,0.0,0.0,0.04915662109851837,-0.04857179522514343,-0.0103444904088974,0.04914623498916626,0.04893419146537781,0.04915662109851837
243,-1.847598910331726,88.65514373779297,70.66531372070312,0.0,0.0,0.0,0.0,0.0,0.04916159808635712,-0.04857954382896423,-0.010348193347454071,0.04915124177932739,0.04894033074378967,0.04916159808635712
244,-1.8476113080978394,88.65516662597656,70.66531372070312,0.0,0.0,0.0,0.0,0.0,0.049166545271873474,-0.04858720302581787,-0.010351866483688354,0.049156248569488525,0.04894641041755676,0.049166545271873474
245,-1.8476237058639526,88.65518951416016,70.6653060913086,0.0,0.0,0.0,0.0,0.0,0.049171432852745056,-0.04859480261802673,-0.010355502367019653,0.04916119575500488,0.04895240068435669,0.049171432852745056
246,-1.8476359844207764,88.65520477294922,70.66529846191406,0.0,0.0,0.0,0.0,0.0,0.04917629063129425,-0.04860231280326843,-0.010359100997447968,0.049166083335876465,0.04895836114883423,0.04917629063129425
247,-1.8476479053497314,88.65522766113281,70.66529083251953,0.0,0.0,0.0,0.0,0.0,0.04918108880519867,-0.048609793186187744,-0.010362669825553894,0.04917097091674805,0.04896429181098938,0.04918108880519867
248,-1.8476603031158447,88.65524291992188,70.66529083251953,0.0,0.0,0.0,0.0,0.0,0.04918582737445831,-0.04861718416213989,-0.010366208851337433,0.04917573928833008,0.04897013306617737,0.04918582737445831
249,-1.8476718664169312,88.65526580810547,70.665283203125,0.0,0.0,0.0,0.0,0.0,0.04919053614139557,-0.048624515533447266,-0.010369710624217987,0.04918050765991211,0.04897594451904297,0.04919053614139557
250,-1.8476837873458862,88.65528106689453,70.66527557373047,0.0,0.0,0.0,0.0,0.0,0.04919521510601044,-0.04863178730010986,-0.010373175144195557,0.04918527603149414,0.048981696367263794,0.04919521510601044
