scenario_id,test_index,true_optimum_objective,true_optimum_quality,true_optimum_energy,true_optimum_quality_shortfall,true_optimum_energy_excess,true_optimum_output_feasible,predicted_at_true_optimum_quality,predicted_at_true_optimum_energy,true_optimum_u1_feed_rate,true_optimum_u2_water_rate,true_optimum_u3_reagent_rate,true_optimum_u4_speed,true_optimum_u5_temperature_setpoint
0,7467,-1.9444339214008306,90.31238269505097,71.98079265660255,0.0,0.0,True,89.575935,71.916794,112.95685435253745,88.00543701559188,3.830646779944118,80.76683665603923,66.40845377964342
1,7795,-2.356626150060321,89.35329394404093,70.52578453398887,0.0,0.0,True,88.79805,70.81266,120.60667305654715,90.89687488047866,3.46709585976555,79.45729983351248,64.77700158028779
2,7643,-2.5105135571239168,89.97282117146752,70.84493259160985,0.0,0.0,True,89.15708,71.02814,115.46678012410212,87.49707235395954,3.5409865416249886,79.51528327903907,65.02465181352864
3,7465,-1.466158723814737,90.16534719172807,72.55549926226129,0.0,0.0,True,89.48989,72.1228,112.59473305535539,87.87718117498142,3.852215301335491,80.8739532737236,66.44214136431997
4,7447,-0.9004197970018017,88.7693360082726,72.15722420174367,0.0,0.0,True,88.37208,71.890045,112.28924429427934,86.78288469557083,3.8452927796606673,80.67440630714736,66.1843543468611
5,7658,-1.7042842528760467,88.5207437233194,70.75139528840334,0.0,0.0,True,87.93794,70.89667,114.84636544619616,87.77430917643778,3.5298168575329214,79.03228156424848,65.08747206406179
6,7072,-2.239044028532921,89.79873407816393,71.09051668807058,0.0,0.0,True,89.286415,71.51302,115.09244441332385,90.47529373015004,3.689829126367954,80.71053171063431,66.24710956231684
7,7131,-0.5639646009596585,89.98358358280882,73.7175327288678,0.0,0.0,True,89.044655,73.64175,111.05527346912436,90.73827113791049,3.8076291273375773,82.48009350026587,65.88217332038887
8,7073,-2.750404553178392,90.43585809389113,70.90002425913158,0.0,0.0,True,89.76503,71.52585,115.14620847655033,90.54389716629794,3.7038874682042433,80.84685347962659,66.28349431982224
9,7613,-1.8392190619201796,89.13051434422249,71.08979843836292,0.0,0.0,True,88.36082,71.08016,113.10011897029767,86.85420410219444,3.605356224713887,79.19350590641807,64.7574093909077
10,7075,-3.255703837936125,91.09329937693583,70.73774323087068,0.0,0.0,True,90.30283,71.608284,115.40617253269193,90.58522604208201,3.7194507228900875,81.01284634325748,66.28803750072166
11,7569,-2.3424187032631067,89.85278310767649,70.98625962546063,0.0,0.0,True,89.05324,71.28781,110.70005631011782,86.9883900897255,3.807890910875358,80.86850593245254,65.68211575192721
12,7401,-3.1999834837842855,89.93858302570568,69.80733395778253,0.0,0.0,True,89.22638,70.79157,110.81235431750325,85.71142773414431,3.6618607271361725,79.69383408832437,65.31040311205288
13,7654,-2.163213150473581,89.63338148477261,71.05639520090698,0.0,0.0,True,89.02544,71.03489,115.34155147964611,87.37976284818296,3.5121204839617803,79.46712660043977,65.07962912601079
14,7436,-2.4626688816767444,89.37487604800705,70.39629492980758,0.0,0.0,True,88.79082,71.05446,112.50269168195723,85.95937523749251,3.7916815362973466,80.01050425601439,65.97814866901234
15,7602,-2.107560481451654,89.25304543995567,70.80501703722157,0.0,0.0,True,88.53993,71.09886,111.77025473672074,86.1087130495738,3.641143582991049,79.54723792089355,65.24052544263213
16,7719,-2.2150607492477206,90.1634256569583,71.45672755521501,0.0,0.011460831582198239,False,89.83669,71.23762,117.22061725135063,89.27433205871489,3.450974222878358,79.70188928452185,65.95203270134628
17,7078,-3.5459933409999307,91.42253978180518,70.5998509001378,0.0,0.0,True,90.527405,71.52382,116.0843191279414,90.69650836316805,3.740165960988975,81.26877421945937,66.2799902320757
18,7691,-1.5039800390094553,88.56136508814079,71.081389613861,0.0,0.0,True,88.233864,71.02246,115.59957001506064,88.1143970834321,3.4806806980219562,79.42595840932245,64.8154689632106
19,7789,-2.3905934959273085,89.14801188336432,70.29523049390663,0.0,0.0,True,88.81624,70.68835,120.19870660160268,89.83386436390128,3.415806061590274,79.45895536770695,65.23325455343002
20,7090,-1.6755805362698355,89.43116285528538,71.59604494611357,0.0,0.0,True,89.07734,72.14574,116.34715165696252,90.13881511501631,3.7785344334719184,81.76674486060801,65.9596473402321
21,7726,-2.2784044992111285,90.1789390948116,71.38234219652985,0.0,0.0,True,90.080864,71.33767,117.24012646752499,89.23040781600389,3.414969203055591,80.04356000642291,66.31172193251214
22,7704,-1.3931611163800048,88.31155879392168,71.02994898302103,0.0,0.0,True,88.4059,71.118034,114.6271349051417,88.74378393048141,3.4594411929711555,79.79441282830948,65.48166015557081
23,7058,-0.4168039077184923,87.59326325665685,70.8339973862397,0.30762327898767694,0.0,False,88.35926,71.32753,118.10526148858389,91.59012494054065,3.405621289663401,80.27889417533333,66.24437056405168
24,7894,-1.0758223309367292,86.92893771452297,70.27375195906116,0.0,0.0,True,86.717995,70.78627,112.95985244678559,86.38957397663967,3.463253255661982,79.05468902193115,65.13301218285096
25,7652,-2.3645109051272932,90.11041790713979,71.18050025883387,0.0,0.0,True,89.390816,71.09902,115.30649370022729,87.06144919416852,3.5173280256444173,79.5277802766559,65.09091306364826
26,7806,-2.6566039006950604,89.23575795460125,69.98168237271828,0.0,0.0,True,88.92061,70.86731,120.92859492668867,91.05733727845882,3.4925735032959437,79.14450986734482,64.33382543745483
27,7086,-2.187876719998641,90.4234464142227,71.71545227285141,0.0,0.0,True,89.80277,72.26652,116.8082340682904,90.59422124149614,3.767844462500989,81.73139809038366,66.06418743023733
28,7745,-2.866858222502863,90.55205141108914,70.83646032395953,0.0,0.0,True,90.38507,71.3932,114.57981710460808,87.78468834914396,3.402016397818386,79.85958271815252,66.38186511682807
29,7912,-1.6351860249023502,87.75140154516683,70.17584933234605,0.0,0.0,True,87.09301,70.80013,112.47741551507738,87.21740168648375,3.415479666063277,78.56064776259609,65.0124904548552
30,7109,-0.9438959235737997,89.59393471873145,72.81285180804673,0.0,0.0,True,88.97453,72.6837,114.81773952709591,90.79438539416651,3.7620127353488897,81.79269238347297,65.24751417696234
31,7576,-2.7051781882821904,90.74406014514194,71.24115863866601,0.0,0.0,True,89.76436,71.593475,111.49879338520282,87.01570339106775,3.811018911441124,80.77523644391295,65.58026983817545
32,7897,-0.7839025461580567,86.32380041610182,70.17003649997307,0.0,0.0,True,86.1841,70.766846,112.92967827244911,86.68464076471787,3.4726066563825952,79.0671937484658,64.98464322007976
33,7460,-0.4631193877756201,88.97896501011273,72.86479462970314,0.0,0.09115113605079728,False,88.3811,72.29428,111.64514791234728,88.01936546335492,3.8808562668509694,80.89584201060825,66.36642334499811
34,7571,-2.134690225352893,89.62884006535288,71.0954999996098,0.0,0.0,True,88.84278,71.264145,110.97865943898705,87.17870537412773,3.8106735001247216,80.84014742888394,65.59508884198868
35,7127,1.3585592805585378,87.63431188282792,74.47625841866434,0.0,0.0,True,87.46847,73.86776,111.1272037271226,91.05066471464534,3.8058338104747236,82.30587618478239,65.74649937327347
36,7725,-2.366645254700437,90.26774099720588,71.3280340605294,0.0,0.0,True,90.082565,71.285286,117.28312595616717,89.6733136361912,3.4224619899387676,80.00865355013485,66.25938759342975
37,7633,-2.9454952820649742,90.16359172141146,70.37383194972688,0.0,0.0,True,89.41793,70.81136,114.68715559979955,87.03896529761914,3.5299947303633417,78.82816481981172,64.91469686610162
38,7599,-2.509627404808626,89.8606562239163,70.7486146277255,0.0,0.0,True,89.0666,71.12704,112.00148605615277,86.17813300881403,3.653061881633448,79.64493181175612,65.13993191016107
39,7695,-1.2170390778637725,88.31094180184542,71.27199411073944,0.0,0.03451394716522316,False,88.00814,71.0332,115.03675763312958,88.40425298202399,3.4843754793052995,79.26069701676059,65.02240102380756
40,6949,-2.2168599774722884,88.85875267785235,70.29588490221175,0.0,0.0,True,88.69332,70.76706,117.41525093751261,86.46470823019763,3.6329655724858867,79.108102468771,64.3341915938629
41,7905,-1.4516044994015975,87.19775830220738,69.95830223679936,0.0,0.0,True,86.62891,70.76148,112.6274858547888,87.64532678597357,3.4459285759979252,78.89738633265733,64.75190092165121
42,7586,-1.6525154466722514,88.69673375399498,70.98232145917564,0.0,0.0,True,88.06203,71.1661,111.10598602929804,86.76900676554646,3.736640936948561,80.13986816841316,65.62838101142734
43,7452,-0.9479897861176997,89.37268867421302,72.619705003207,0.0,0.0,True,88.81258,72.18917,112.11466831471262,86.65378490032954,3.863407604835629,80.76127448513216,66.22151794075289
44,7444,-1.8040628918765784,89.71107898136563,71.65810179030053,0.0,0.0,True,89.14562,71.641754,112.66960739869819,86.5678043546543,3.811917790933421,80.42251425099857,66.13018149626673
45,7572,-1.625519707197904,89.14241357719769,71.41738413285228,0.0,0.0,True,88.41219,71.35773,111.02664815012304,87.24075520405472,3.8155143214896725,80.8632339272026,65.52565239614165
46,7632,-2.7646762080293685,90.09536005402269,70.57940782252373,0.0,0.0,True,89.27667,70.864716,114.53456004379586,87.0436420173794,3.5314912744786398,78.85190739283917,64.92530169727024
47,6913,-2.205712202653633,89.00119964937217,70.43761978378897,0.0,0.0,True,88.109566,70.71887,112.33067932501422,85.89003936896427,3.990182909494706,79.20933693835104,63.49153252181031
48,7625,-2.5168432728370846,89.73876774345901,70.62965818834289,0.0,0.0,True,88.853745,70.951584,113.37341962503228,86.51343754441336,3.5529327459755677,78.76844192612589,65.01224635058315
49,7100,-2.1112237745159494,89.68950036678875,71.18215414296745,0.0,0.0,True,89.11591,71.977,115.78968615648682,90.94988074293633,3.7551348270687868,81.77384795689977,65.56980243539147
50,7587,-1.9826693178378232,88.96907401195709,70.73699691940817,0.0,0.0,True,88.20336,71.078476,111.00456090895068,86.70134952082458,3.7256260148762976,80.00958069679291,65.61695228803273
51,7793,-2.022179651493233,88.62080623629011,70.37246731851339,0.0,0.0,True,88.391235,70.810844,120.39723012902095,90.53685177753914,3.4597084563918656,79.40084229718741,64.94480230724048
52,7634,-2.8276748396571585,90.01442826417754,70.41564001312099,0.0,0.0,True,89.24929,70.80607,114.87526621060579,87.09459870996648,3.5287914195487247,78.83038500665862,64.90712092717513
53,7433,-2.8779433125339247,89.47802506418658,69.8697402586275,0.0,0.0,True,89.067795,70.84498,112.47503552272588,85.8876971349863,3.793137576930121,79.89401416368219,65.9466259099263
54,7453,-1.1137587194054424,89.41734719102526,72.41504332905964,0.0,0.0,True,88.83367,72.09689,112.06612991295788,86.7334153844746,3.8678722203246707,80.75037229449845,66.26766217719809
55,7566,-2.277027356038345,89.64747108588438,70.90424222361423,0.0,0.0,True,88.824066,71.319565,110.0878134793744,86.95591922471431,3.816253152662057,81.17413163346464,65.74318780364791
56,7693,-0.49485027989313934,88.0134252213312,71.48307406980688,0.0,0.21127688963109392,False,87.68198,71.02957,115.26395988835384,88.1738758797203,3.4857542506105688,78.94745926413569,64.67185929009138
57,7459,0.04682316502688966,89.05840957621072,73.1120370912178,0.0,0.22428837295608162,False,88.46929,72.40093,111.67506284394653,87.91298136927048,3.8788049441529893,80.88545831994634,66.33176311806983
58,7617,-2.131432556583964,89.52902108062912,71.01123954455116,0.0,0.0,True,88.637054,71.08852,112.87740965575313,86.80897697242835,3.597462661827535,79.02465223906711,64.7941525657161
59,7653,-1.7950835413453443,89.605044767215,71.38147057665523,0.0,0.12169732226070096,False,88.91491,71.05153,115.31893015042715,87.2355060293662,3.5148448941279753,79.08143462860528,64.9091676584265
60,7431,-2.805295978866737,89.41344157368279,69.92236659493612,0.0,0.0,True,88.86107,70.86948,112.1742767414064,85.69160648225329,3.8142862320739823,79.65536660191538,65.89261078183934
61,7130,-0.20215793462043252,89.71981766422152,74.01729598112686,0.0,0.0,True,88.86393,73.82539,111.04289102782809,90.86472898391003,3.808156506505611,82.42205639396707,65.83684770169202
62,7619,-2.57439750982723,90.27759752541107,71.01930237204186,0.0,0.0,True,89.3201,71.13715,112.76235808903016,86.82724174853911,3.5916474041061974,79.02824552336915,64.8455363537496
63,7804,-2.597838792640931,89.35674877973565,70.17448467043252,0.0,0.0,True,88.93055,70.870186,120.82558314477365,91.57526587480243,3.4929847625534194,79.32932441244793,64.40036126457267
64,7911,-1.616042240119019,87.68637472280082,70.14674534432383,0.0,0.0,True,87.04639,70.79792,112.50580439510077,87.33743491093173,3.4175693926147233,78.59294293524363,64.99069326545896
65,7659,-1.6784538450944761,88.24378960402252,70.54560967002844,0.0,0.0,True,87.73679,70.85429,114.64349240174215,87.82583057575744,3.534097435323247,78.91704715377728,65.08477917796426
66,7664,-3.2770262355329014,90.207139705312,69.92513842816709,0.0,0.0,True,89.42221,70.7023,115.10138588736254,87.62282784880904,3.5156729223078287,78.6122453554035,65.05795414998192
67,7697,0.5216746115992453,88.16484014875766,71.843717073285,0.0,0.3706412065857876,False,88.04844,71.1935,114.80541829589038,88.63444731806476,3.4827780636493344,79.12544858942056,64.82411555854014
68,7107,-1.126837883520633,89.1554744121458,72.15824889389272,0.0,0.0,True,88.68276,72.37949,114.96254579900415,90.4477903701254,3.75698997591428,81.7541869149536,65.31585047462568
69,6956,-1.337920930636279,87.79399233099693,70.65001190629296,0.0,0.0,True,88.093765,70.96488,118.59953897225569,87.94426949499916,3.562420597410778,78.63942884263906,64.76684690706338
70,7727,-1.028214848382298,88.81773577389062,71.77153659869123,0.10559644046485062,0.09792972613263373,False,89.24764,71.41294,117.03095838530817,89.00420750524849,3.410475490579472,79.86570210572405,66.30873249968741
71,7645,-2.653314124664689,90.15781208854894,70.79795840690794,0.0,0.0,True,89.406006,71.10357,115.72073238917528,87.35449415894914,3.531851770364085,79.60058756571198,65.09978594759741
72,6906,-2.235825200058236,88.78990302253754,70.20743471267988,0.0,0.0,True,87.893326,70.67182,111.06400130794441,86.44869407704527,4.012215612708587,79.06763628421686,63.83741505432272
73,7646,-1.931988001689747,89.36139532108216,71.15670550078487,0.0,0.0,True,88.87741,71.193184,115.6242124774717,87.2370091793291,3.5309364810049715,79.63258528543702,65.11286277790668
74,7628,-2.6454124982932163,90.1958027652016,70.84299912092234,0.0,0.0,True,89.33,70.98483,113.63382595408439,86.5949804673553,3.5420029109985762,78.69706890338875,65.02850459799674
75,7564,-2.358656067251972,89.81968032049363,70.93349420759978,0.0,0.0,True,89.13724,71.26161,109.71797851056192,87.07825685371427,3.815268977600681,81.52140648510795,65.9286954742615
76,7683,-2.2836939913855048,88.46064068505093,69.8473520663097,0.0,0.0,True,87.776085,70.666336,115.18633109092798,87.59554508447332,3.5296981316997744,78.87905289796436,64.59491091830796
77,7084,-2.1271422639528703,90.2877730166357,71.6852730525081,0.0,0.0,True,89.71134,72.2483,116.89328608946516,90.77222190829752,3.7675340152202352,81.63729697028793,66.12519189324621
78,7139,0.652224988375695,88.4965312083693,74.19724344988836,0.0,0.0,True,87.77099,74.07631,109.99197287965819,90.22219663921669,3.807905206222131,82.71712350994858,65.97436568132277
79,6911,-2.1181182465654502,88.56099181866047,70.17889495944097,0.0,0.0,True,87.748955,70.64445,111.92629846116915,85.98450651019698,3.990578890600318,79.12626807553443,63.54082223700016
80,6947,-2.59201836495214,89.48224781452211,70.29347885096408,0.0,0.0,True,89.10495,70.69612,117.00082261730313,86.08250614499775,3.6606137857319254,79.21980454297773,64.19084676135662
81,7457,0.7274735088850871,88.56824619318127,73.21658217153228,0.0,0.2904881163564994,False,88.13275,72.44794,111.72711782542387,87.57965307934705,3.8766300858333125,80.7983993481048,66.26376218162568
82,7696,-0.5606103247455334,88.40056574181246,71.63766459885511,0.0,0.2258146232691729,False,88.121605,71.1407,114.91425943879949,88.481546703297,3.484261741952537,79.00809314307662,64.79703456752944
83,7432,-3.1177146411871393,89.8909457867709,69.88303405707968,0.0,0.0,True,89.313545,70.88497,112.34427516634446,85.83119387372926,3.8010730430517015,79.7767883423312,65.91907664796766
84,7134,-0.4959505468319431,89.94894538790338,73.78442754725933,0.0,0.0,True,88.95329,73.703224,110.82541517604136,90.46964848592916,3.795216328824722,82.58756873973653,65.87107901360767
85,7711,-1.965384035238557,89.07569586833485,70.85622030738068,0.0,0.0,True,89.084694,71.113945,115.95950215135053,89.13584354369755,3.464581248704235,79.85785828617645,66.02080652175937
86,7604,-1.839660945782849,88.86163789641081,70.85793370655838,0.0,0.0,True,88.19748,71.02152,111.60688620474775,86.33942605894924,3.6447110165602226,79.3716811259691,65.25040570008969
87,7624,-2.8185727955382855,90.00051193597892,70.41676396850868,0.0,0.0,True,89.09719,70.88801,113.23024622230923,86.55924442152718,3.5559587432857143,78.8426605155737,64.994004312573
88,7567,-2.370813585501336,90.17775338061689,71.23445463883044,0.0,0.0,True,89.27499,71.468605,110.29645407463283,86.96967500671258,3.813166132090373,81.04713270595857,65.66692315697658
89,7639,-1.8362770331937854,89.68441578048703,71.37429717263734,0.0,0.12631896218812244,False,88.71517,71.028435,115.21313390948262,87.32783717535904,3.536308761668181,78.98522837541577,64.67294506936013
90,7449,-1.375733042612105,89.23417463830539,71.8680612779458,0.0,0.0,True,88.68591,71.85463,112.22757572796309,86.83732807621618,3.8553364520475952,80.76409752756808,66.1850261324671
91,7133,-0.17190867086058717,89.60213281164972,73.95532028563444,0.0,0.0,True,88.69922,73.79535,110.92964815927644,90.59353393096126,3.8031931025420818,82.56127761126845,65.86320325471854
92,7656,-1.6969496632169465,88.44311277651023,70.69385151162864,0.0,0.0,True,87.91623,70.89188,115.2015135938259,87.5439243259384,3.5172405262093775,79.27215736146809,65.07499823902162
93,7066,-0.5753983915403666,87.48165879189253,71.46143228066191,0.061119223244190835,0.0,False,87.89519,71.64343,116.23912664859654,90.57560087135609,3.5703804549677898,80.5573250460424,66.20480471190467
94,7810,-2.408855806861027,89.00549888019492,70.14298626148116,0.0,0.0,True,88.88601,70.87978,120.64803907590522,89.87487237322875,3.4871418373796814,78.68556385716602,64.31088382789812
95,7136,0.002032068144451806,89.51168120729368,74.13044013816922,0.0,0.0,True,88.63154,73.96826,110.61078499337486,90.33394385204383,3.7917232608407403,82.65611849921152,65.85855264909983
96,6945,-2.389644366386234,89.30622391652949,70.43585745917777,0.0,0.0,True,88.90688,70.68073,116.61775066631981,85.72896007787472,3.689995786285749,79.2772080988425,64.07439548015873
97,7605,-2.56502723034961,89.65797299617057,70.48972623372926,0.0,0.0,True,88.82365,70.95659,111.73267234110858,86.42101478740096,3.639887587867179,79.5939389664052,65.19940306298031
98,7442,-2.2923996831558022,90.02955936703272,71.22061284737651,0.0,0.0,True,89.420494,71.435486,112.80145153374497,86.4330463679712,3.797099115340643,80.2341062007672,66.05451809079048
99,7715,-2.57952131014303,89.77174886280437,70.56660910964038,0.0,0.0,True,89.60918,71.02591,116.73655585184224,88.96180174911501,3.4612846375014783,79.7988908389998,66.2225124292031
