split,optimizer,rows,mean_predicted_quality,mean_true_quality,quality_mae,mean_predicted_energy,mean_true_energy,energy_mae,median_optimization_error,median_true_regret,p90_true_regret,median_exploitation,p90_exploitation,mean_start_error,mean_optimized_error,constraint_satisfaction_rate,projected_start_rate,improvement_rate,median_solve_seconds
train,Adam,5600,87.18011,87.1921155002675,0.4016384664763252,71.944534,71.88536339621488,0.4250769764163376,0.14069533348083496,0.36631848124503963,2.1863160043501146,-0.05010473681702021,0.06778084995950542,0.2623376588167313,0.2649887196077991,0.5405357142857142,0.43607143,0.9005357142857143,0.011701999998877
train,LBFGS,5600,87.32564,87.37542633099162,0.3982302043404223,71.81263,71.75670889162723,0.45767591897510945,0.0006191432476043701,0.15042194697784098,1.1035320587506507,-0.09464441897526488,0.24339890377168022,0.2623376588167313,0.27506347587100344,0.6317857142857143,0.43607143,0.8958928571428572,0.02678749999995489
train,PSO,5600,87.3258,87.37648130457144,0.3987572381424857,71.81305,71.756975158593,0.4581838743032033,0.0,0.14869919546139548,1.1120006284650534,-0.09582293700760025,0.2543605069203046,0.2623376588167313,0.27539423440620003,0.6317857142857143,0.43607143,0.8894642857142857,0.0035016499996345374
train,DE,5600,87.300255,87.34445406878748,0.39415814250594766,71.82928,71.77160449166166,0.44827513902101795,0.018721390515565872,0.17379321251950294,1.110171359970832,-0.10321111211357975,0.16261083261998946,0.2623376588167313,0.2706440091057556,0.63875,0.43607143,0.9278571428571428,0.006732799999554118
train,PSO+LBFGS,5600,87.32573,87.37585529658985,0.39884217291306706,71.812675,71.75628973521671,0.4576421900625711,5.364418029785156e-07,0.14869919546139548,1.112231823010882,-0.09749821142225959,0.24866990789131005,0.2623376588167313,0.2752353032162517,0.6325,0.43607143,0.8923214285714286,0.013909049999710987
validation,Adam,1200,87.844635,87.91917844982639,0.5874786643529705,71.911606,72.00076496541868,0.517670607630082,0.13048890233039856,0.33833165346096744,5.790220029435145,-0.027722063167269995,0.09129002272393019,0.35105907389141305,0.35217082233007446,0.49833333333333335,0.35,0.8525,0.009294200001022546
validation,LBFGS,1200,87.95474,88.0641297790187,0.5853553750636515,71.76523,71.87367456615836,0.5295633656694502,0.0006282329559326172,0.15165343414558974,2.662373287944521,-0.06190458535765386,0.29978403827913547,0.35105907389141305,0.35558273964337606,0.5883333333333334,0.35,0.865,0.019534850000127335
validation,PSO,1200,87.95474,88.06580019826127,0.5865246944257192,71.76499,71.87270377285994,0.5300706997710525,0.0,0.14663074135671428,2.681356765878055,-0.06288221620479129,0.3056756326743503,0.35105907389141305,0.35610567542144855,0.59,0.35,0.865,0.0027147999990120297
validation,DE,1200,87.939064,88.0377586672449,0.579396392635888,71.78622,71.89734422873184,0.5286503359873239,0.017274558544158936,0.19092943390496914,3.0198780683745383,-0.05288439401895162,0.18991290768667202,0.35105907389141305,0.35348703351462146,0.5775,0.35,0.8991666666666667,0.005403699999988021
validation,PSO+LBFGS,1200,87.953926,88.06240045322869,0.5852596145371427,71.76409,71.8734191366706,0.5307094954050467,2.7567148208618164e-07,0.15057518401233605,2.7648102316353325,-0.06077657837486203,0.31766130738349935,0.35105907389141305,0.3559441624264409,0.5858333333333333,0.35,0.8591666666666666,0.012902550000035262
test,Adam,1200,87.85182,87.98341681825374,0.3803107273480782,71.39316,71.26412983203303,0.46820545938423935,0.11388006806373596,0.3117323462541929,1.709391661292296,-0.02766781064419377,0.25699057979838735,0.2671916476627446,0.2732798441090447,0.5966666666666667,0.48166665,0.7225,0.009403099999872211
test,LBFGS,1200,88.057594,88.1833016174727,0.3561265872479636,71.35444,71.2621469219406,0.5199877753985231,0.0005708932876586914,0.15558617889563936,1.8537713664463793,-0.05902357804404801,0.4542681143684295,0.2671916476627446,0.28366086277460767,0.6708333333333333,0.48166665,0.8208333333333333,0.019930599999497645
test,PSO,1200,88.057335,88.18300573932945,0.3568204973704924,71.354034,71.26045450080673,0.5188934013889548,0.0,0.1558607190758443,1.7784268346015846,-0.05644310273538489,0.430213151853657,0.2671916476627446,0.28349622432685656,0.6741666666666667,0.48166665,0.82,0.0028425499995137216
test,DE,1200,88.01681,88.13883331869094,0.3608342562843714,71.35094,71.24352665206388,0.5060143210435024,0.01516503095626831,0.16469607406435494,1.5590562793848666,-0.07684793189267786,0.2703085257788625,0.2671916476627446,0.28031486056844485,0.6725,0.48166665,0.8441666666666666,0.005536349999601953
test,PSO+LBFGS,1200,88.057816,88.1838298387217,0.3566217204086099,71.354485,71.26166774377982,0.519362533072773,1.1920928955078125e-06,0.15783122429921573,1.8123639534945735,-0.05913189869590657,0.40969372246536523,0.2671916476627446,0.28359636087972667,0.6666666666666666,0.48166665,0.8216666666666667,0.013034300000072108
